{"cameraMode":{"drawMode":0,"name":"Shaded","section":"Shading Mode"},"sceneLighting":true,"audioPlay":false,"sceneViewState":{"showFog":true,"showMaterialUpdate":false,"showSkybox":false,"showFlares":true,"showImageEffects":true,"showParticleSystems":true},"in2DMode":false,"pivot":{"x":290.111328125,"y":40.707210540771487,"z":352.8016052246094},"rotation":{"x":-0.1800037920475006,"y":0.366688996553421,"z":-0.0725415050983429,"w":-0.9098790287971497},"size":165.0819091796875,"orthographic":false}