{"cameraMode":{"drawMode":0,"name":"Shaded","section":"Shading Mode"},"sceneLighting":false,"audioPlay":false,"sceneViewState":{"showFog":true,"showMaterialUpdate":false,"showSkybox":false,"showFlares":true,"showImageEffects":true,"showParticleSystems":true},"in2DMode":false,"pivot":{"x":-7.088007926940918,"y":-1.845111608505249,"z":-21.625940322875978},"rotation":{"x":0.026030654087662698,"y":0.9713617563247681,"z":-0.1997487097978592,"w":0.1266149878501892},"size":5.280272006988525,"orthographic":false}