{"cameraMode":{"drawMode":0,"name":"Shaded","section":"Shading Mode"},"sceneLighting":true,"audioPlay":false,"sceneViewState":{"showFog":true,"showMaterialUpdate":false,"showSkybox":true,"showFlares":true,"showImageEffects":true,"showParticleSystems":true},"in2DMode":false,"pivot":{"x":12.967453956604004,"y":3.4622483253479006,"z":-25.945396423339845},"rotation":{"x":-0.007808393333107233,"y":-0.020401014015078546,"z":0.00016111205331981182,"w":-0.9997636079788208},"size":6.212147235870361,"orthographic":false}