{"cameraMode":{"drawMode":0,"name":"Shaded","section":"Shading Mode"},"sceneLighting":false,"audioPlay":false,"sceneViewState":{"showFog":true,"showMaterialUpdate":false,"showSkybox":false,"showFlares":true,"showImageEffects":true,"showParticleSystems":true},"in2DMode":false,"pivot":{"x":-0.23403625190258027,"y":-0.2533668577671051,"z":0.2340533286333084},"rotation":{"x":-0.20007841289043427,"y":0.2792310118675232,"z":-0.05967700108885765,"w":-0.9373834133148193},"size":6.013888359069824,"orthographic":false}