{"cameraMode":{"drawMode":0,"name":"Shaded","section":"Shading Mode"},"sceneLighting":false,"audioPlay":false,"sceneViewState":{"showFog":true,"showMaterialUpdate":false,"showSkybox":false,"showFlares":true,"showImageEffects":true,"showParticleSystems":true},"in2DMode":false,"pivot":{"x":1.1795001029968262,"y":1.7598252296447755,"z":-1.2720000743865967},"rotation":{"x":0.2506644129753113,"y":0.7172672748565674,"z":-0.3167746067047119,"w":0.5678582787513733},"size":34.109920501708987,"orthographic":false}