{"cameraMode":{"drawMode":0,"name":"Shaded","section":"Shading Mode"},"sceneLighting":false,"audioPlay":false,"sceneViewState":{"showFog":true,"showMaterialUpdate":false,"showSkybox":false,"showFlares":true,"showImageEffects":true,"showParticleSystems":true},"in2DMode":false,"pivot":{"x":20.560054779052736,"y":41.70097732543945,"z":66.66175842285156},"rotation":{"x":0.21731005609035493,"y":-0.31019333004951479,"z":0.07305978983640671,"w":0.9226641058921814},"size":4.0416579246521,"orthographic":false}